{
  "timestamp": "2026-02-05 10:54:43",
  "results": {
    "GET Fruits - Cold Cache": {
      "test_name": "GET Fruits - Cold Cache",
      "endpoint": "/fruits",
      "method": "GET",
      "iterations": 30,
      "successful_requests": 30,
      "avg_time_ms": 2037.0163122812908,
      "median_time_ms": 2036.812663078308,
      "min_time_ms": 2022.5245952606201,
      "max_time_ms": 2050.107002258301,
      "std_dev_ms": 7.287592905070627,
      "all_times": [
        2042.7093505859375,
        2047.9085445404053,
        2040.8432483673096,
        2030.6520462036133,
        2050.107002258301,
        2022.5245952606201,
        2025.9814262390137,
        2045.210361480713,
        2045.6254482269287,
        2034.656047821045,
        2031.531572341919,
        2037.3425483703613,
        2041.4066314697266,
        2028.918981552124,
        2029.2634963989258,
        2030.2813053131104,
        2027.5354385375977,
        2038.7427806854248,
        2035.6707572937012,
        2035.5415344238281,
        2032.740592956543,
        2038.3532047271729,
        2033.8537693023682,
        2042.574405670166,
        2036.2827777862549,
        2043.3337688446045,
        2041.1155223846436,
        2045.9153652191162,
        2046.1316108703613,
        2027.7352333068848
      ]
    },
    "GET Fruits - Warm Cache": {
      "test_name": "GET Fruits - Warm Cache",
      "endpoint": "/fruits",
      "method": "GET",
      "iterations": 30,
      "successful_requests": 30,
      "avg_time_ms": 2040.5592679977417,
      "median_time_ms": 2039.2831563949585,
      "min_time_ms": 2022.566556930542,
      "max_time_ms": 2066.2031173706055,
      "std_dev_ms": 10.089810199928815,
      "all_times": [
        2044.865608215332,
        2022.566556930542,
        2025.477647781372,
        2043.8835620880127,
        2038.2325649261475,
        2050.2266883850098,
        2042.6359176635742,
        2030.5187702178955,
        2035.2213382720947,
        2027.7342796325684,
        2040.3025150299072,
        2035.4816913604736,
        2045.6202030181885,
        2049.0670204162598,
        2035.9506607055664,
        2031.0425758361816,
        2029.0863513946533,
        2063.2264614105225,
        2035.4483127593994,
        2052.5262355804443,
        2044.9144840240479,
        2066.2031173706055,
        2048.05850982666,
        2038.1662845611572,
        2040.588140487671,
        2045.1610088348389,
        2038.2637977600098,
        2048.7303733825684,
        2033.1881046295166,
        2034.3892574310303
      ]
    }
  }
}